names,links,min_salary,max_salary,currency,site
"Разработчик Python, Django",https://adsrv.hh.ru/click?b=366344&c=30&meta=ViJeUIep4XXZYHNRkASndnrkut7w46OGGYVaG1nG3FT80XSA-IIa6gKqAmlvwQHgJiZu0oVomiC5DpITREDxB_3vADSGjwKOJM6In_25XvrsMzLn3MKLF1LV2wAaxgjSaOBQixy6IZ5PQNuJueThj3z4nAv4z_ll1rZN3FC7CWyjzzqSyKelJtHLQm3Z-Ud7Si5_OqLSN_EYvotsEm6joA%3D%3D&place=35&clickType=link_to_vacancy,200000,0,руб.,https://hh.ru/search/vacancy
Дата-инженер / Data Engineer,https://dankov.hh.ru/vacancy/71236005?from=vacancy_search_list&query=python,130000,0,руб.,https://hh.ru/search/vacancy
"Python Developer (проект ""Маркетинг "") Middle",https://dankov.hh.ru/vacancy/76968960?from=vacancy_search_list&query=python,0,0,Не указано,https://hh.ru/search/vacancy
Аналитик данных / Data Analyst,https://dankov.hh.ru/vacancy/69166398?from=vacancy_search_list&query=python,0,0,Не указано,https://hh.ru/search/vacancy
Аналитик данных / Data Analyst,https://dankov.hh.ru/vacancy/76869170?from=vacancy_search_list&query=python,0,0,Не указано,https://hh.ru/search/vacancy
"Python Developer (проект ""Маркетинг БКП"") Middle",https://dankov.hh.ru/vacancy/76978400?from=vacancy_search_list&query=python,0,0,Не указано,https://hh.ru/search/vacancy
"Python Developer (проект ""Маркетинг"") Senior",https://dankov.hh.ru/vacancy/76976985?from=vacancy_search_list&query=python,0,0,Не указано,https://hh.ru/search/vacancy
Senior DevOps Engineer (Yepp),https://dankov.hh.ru/vacancy/71486585?from=vacancy_search_list&query=python,5000,7000,EUR,https://hh.ru/search/vacancy
"Java разработчик в команду ""Навыки""",https://dankov.hh.ru/vacancy/76713727?from=vacancy_search_list&query=python,350000,0,руб.,https://hh.ru/search/vacancy
QA тестировщик в IT-компанию ZorDoc,https://dankov.hh.ru/vacancy/76927269?from=vacancy_search_list&query=python,8000000,15000000,сум,https://hh.ru/search/vacancy
Специалист по углубленной аналитике данных (Data scientist),https://dankov.hh.ru/vacancy/72920605?from=vacancy_search_list&query=python,0,0,Не указано,https://hh.ru/search/vacancy
Разработчик Python+MS SQL+1C,https://dankov.hh.ru/vacancy/76852114?from=vacancy_search_list&query=python,0,0,Не указано,https://hh.ru/search/vacancy
Специалист службы поддержки с техническими знаниями (TOOLS),https://dankov.hh.ru/vacancy/73595104?from=vacancy_search_list&query=python,15000,39000,руб.,https://hh.ru/search/vacancy
Преподаватель по робототехнике и программированию,https://dankov.hh.ru/vacancy/75904017?from=vacancy_search_list&query=python,300000,0,KZT,https://hh.ru/search/vacancy
Специалист службы поддержки с техническими знаниями (TOOLS),https://dankov.hh.ru/vacancy/73595106?from=vacancy_search_list&query=python,15000,39000,руб.,https://hh.ru/search/vacancy
BIM менеджер,https://dankov.hh.ru/vacancy/76919700?from=vacancy_search_list&query=python,110000,120000,руб.,https://hh.ru/search/vacancy
Junior Python developer,https://dankov.hh.ru/vacancy/77067279?from=vacancy_search_list&query=python,50000,90000,руб.,https://hh.ru/search/vacancy
Программист Python,https://dankov.hh.ru/vacancy/76608111?from=vacancy_search_list&query=python,45000,0,руб.,https://hh.ru/search/vacancy
Python Engineer,https://dankov.hh.ru/vacancy/76983666?from=vacancy_search_list&query=python,3000,6500,USD,https://hh.ru/search/vacancy
Разработчик Python,https://dankov.hh.ru/vacancy/77091465?from=vacancy_search_list&query=python,200000,250000,руб.,https://hh.ru/search/vacancy
Преподаватель Python/Django,https://dankov.hh.ru/vacancy/76217176?from=vacancy_search_list&query=python,0,0,Не указано,https://hh.ru/search/vacancy
Программист Python - FastAPI,https://dankov.hh.ru/vacancy/77096615?from=vacancy_search_list&query=python,180000,0,руб.,https://hh.ru/search/vacancy
Преподаватель Python,https://dankov.hh.ru/vacancy/77083919?from=vacancy_search_list&query=python,125000,0,руб.,https://hh.ru/search/vacancy
Аналитик Python,https://dankov.hh.ru/vacancy/76973737?from=vacancy_search_list&query=python,0,0,Не указано,https://hh.ru/search/vacancy
Программист Python,https://dankov.hh.ru/vacancy/77065085?from=vacancy_search_list&query=python,0,0,Не указано,https://hh.ru/search/vacancy
Fullstack Python техлид (Облачные квантовые вычисления),https://dankov.hh.ru/vacancy/76924335?from=vacancy_search_list&query=python,250000,450000,руб.,https://hh.ru/search/vacancy
Программист Python,https://dankov.hh.ru/vacancy/75704098?from=vacancy_search_list&query=python,0,0,Не указано,https://hh.ru/search/vacancy
Разработчик Python/Django (удалённо),https://dankov.hh.ru/vacancy/76102148?from=vacancy_search_list&query=python,100000,140000,руб.,https://hh.ru/search/vacancy
Разработчик Python Junior,https://dankov.hh.ru/vacancy/74052153?from=vacancy_search_list&query=python,0,0,Не указано,https://hh.ru/search/vacancy
Python Developer (Беспилотные автомобили),https://dankov.hh.ru/vacancy/76985818?from=vacancy_search_list&query=python,0,0,Не указано,https://hh.ru/search/vacancy
Программист Python,https://dankov.hh.ru/vacancy/75845551?from=vacancy_search_list&query=python,125000,220000,руб.,https://hh.ru/search/vacancy
Senior Python Developer,https://dankov.hh.ru/vacancy/76650700?from=vacancy_search_list&query=python,5000,6000,USD,https://hh.ru/search/vacancy
Python программист (Наставник онлайн-курса по Python),https://dankov.hh.ru/vacancy/67864415?from=vacancy_search_list&query=python,0,80000,руб.,https://hh.ru/search/vacancy
Python Backend Developer / WEB - разработчик,https://dankov.hh.ru/vacancy/72216524?from=vacancy_search_list&query=python,300000,450000,руб.,https://hh.ru/search/vacancy
Sr Python разработчик (удаленно),https://dankov.hh.ru/vacancy/76958513?from=vacancy_search_list&query=python,0,300000,руб.,https://hh.ru/search/vacancy
Python разработчик,https://dankov.hh.ru/vacancy/76929580?from=vacancy_search_list&query=python,350000,0,руб.,https://hh.ru/search/vacancy
Программист Python,https://dankov.hh.ru/vacancy/76331573?from=vacancy_search_list&query=python,90000,0,руб.,https://hh.ru/search/vacancy
"Разработчик Python, Django",https://dankov.hh.ru/vacancy/77004441?from=vacancy_search_list&query=python,100000,0,руб.,https://hh.ru/search/vacancy
Python Developer,https://dankov.hh.ru/vacancy/76811177?from=vacancy_search_list&query=python,0,0,Не указано,https://hh.ru/search/vacancy
Программист Python (middle),https://dankov.hh.ru/vacancy/75719539?from=vacancy_search_list&query=python,70000,105000,руб.,https://hh.ru/search/vacancy
Python разработчик,https://dankov.hh.ru/vacancy/77032189?from=vacancy_search_list&query=python,0,200000,руб.,https://hh.ru/search/vacancy
Программист Python в команду ИИ (г. Тюмень),https://dankov.hh.ru/vacancy/76988642?from=vacancy_search_list&query=python,0,0,Не указано,https://hh.ru/search/vacancy
Тестировщик на Python,https://dankov.hh.ru/vacancy/76324042?from=vacancy_search_list&query=python,0,0,Не указано,https://hh.ru/search/vacancy
Стажер,https://dankov.hh.ru/vacancy/76926641?from=vacancy_search_list&query=python,0,80000,руб.,https://hh.ru/search/vacancy
Программист Python,https://dankov.hh.ru/vacancy/77005951?from=vacancy_search_list&query=python,0,0,Не указано,https://hh.ru/search/vacancy
Python developer,https://dankov.hh.ru/vacancy/77107980?from=vacancy_search_list&query=python,120000,240000,руб.,https://hh.ru/search/vacancy
Python разработчик,https://dankov.hh.ru/vacancy/71069892?from=vacancy_search_list&query=python,160000,200000,руб.,https://hh.ru/search/vacancy
Разработчик Python/Django (Middle),https://dankov.hh.ru/vacancy/76602141?from=vacancy_search_list&query=python,0,0,Не указано,https://hh.ru/search/vacancy
Python-разработчик во внутренний каталог сервисов,https://dankov.hh.ru/vacancy/75964210?from=vacancy_search_list&query=python,0,0,Не указано,https://hh.ru/search/vacancy
Тестировщик на Python,https://dankov.hh.ru/vacancy/76324044?from=vacancy_search_list&query=python,0,0,Не указано,https://hh.ru/search/vacancy
Junior Data Analyst,https://dankov.hh.ru/vacancy/76902009?from=vacancy_search_list&query=python,0,0,Не указано,https://hh.ru/search/vacancy
Python программист,https://dankov.hh.ru/vacancy/77082722?from=vacancy_search_list&query=python,0,0,Не указано,https://hh.ru/search/vacancy
Python Backend Developer (Django),https://dankov.hh.ru/vacancy/77088738?from=vacancy_search_list&query=python,0,0,Не указано,https://hh.ru/search/vacancy
Python Developer,https://dankov.hh.ru/vacancy/76341334?from=vacancy_search_list&query=python,150000,230000,руб.,https://hh.ru/search/vacancy
Разработчик Python (искусственный интеллект),https://dankov.hh.ru/vacancy/77038946?from=vacancy_search_list&query=python,0,0,Не указано,https://hh.ru/search/vacancy
Senior Python developer (Django),https://dankov.hh.ru/vacancy/76821522?from=vacancy_search_list&query=python,0,450000,руб.,https://hh.ru/search/vacancy
Разработчик Python,https://dankov.hh.ru/vacancy/73911853?from=vacancy_search_list&query=python,0,170000,руб.,https://hh.ru/search/vacancy
Python-разработчик в R&D отдел,https://dankov.hh.ru/vacancy/49299311?from=vacancy_search_list&query=python,100000,150000,руб.,https://hh.ru/search/vacancy
Python Backend Developer (+NLP),https://dankov.hh.ru/vacancy/76274763?from=vacancy_search_list&query=python,0,0,Не указано,https://hh.ru/search/vacancy
Middle Python разработчик (Django),https://dankov.hh.ru/vacancy/67115536?from=vacancy_search_list&query=python,160000,240000,руб.,https://hh.ru/search/vacancy
